sumber,tanggal,judul,content,author,url,created_at
tempo,2026-01-31 21:00:00,Utang Baru Pemerintah 2026 MBG,"A LARM kembali menyala di pasar obligasi. Imbal hasil surat utang negara (SUN) bertenor 10 tahun bergerak naik, mencapai posisi 6,43 persen pada akhir perdagangan, Rabu, 28 Januari 2026.",Caesar Akbar,https://www.tempo.co/politik/ratusan-siswa-dan-balita-di-cikalongkulon-keracunan-mbg-2110520,2026-02-02 20:10:39
tempo,2026-01-31 21:00:00,Utang Baru Pemerintah 2026 MBG,"A LARM kembali menyala di pasar obligasi. Imbal hasil surat utang negara (SUN) bertenor 10 tahun bergerak naik, mencapai posisi 6,43 persen pada akhir perdagangan, Rabu, 28 Januari 2026.",Caesar Akbar,https://www.tempo.co/politik/siswa-sd-di-cianjur-diduga-korban-keracunan-mbg-bertambah-2110418,2026-02-02 20:10:39
tempo,2026-02-02 19:00:00,IHSG Ditutup Turun Hampir 5 Persen,"Layar digital menampilkan pergerakan Indeks Harga Saham Gabungan (IHSG) di Bursa Efek Indonesia, Jakarta, 2 Februari 2026. Indeks Harga Saham Gabungan (IHSG) berada di zona merah pada 2 Februari. Indeks ditutup turun 4,88 persen atau -406,88 poin ke level 7.922,73. Tempo/Martin Yogi Pardamean

Layar digital menampilkan pergerakan Indeks Harga Saham Gabungan (IHSG) di Bursa Efek Indonesia, Jakarta, 2 Februari 2026. Tempo/Martin Yogi Pardamean

Layar digital menampilkan pergerakan Indeks Harga Saham Gabungan (IHSG) di Bursa Efek Indonesia, Jakarta, 2 Februari 2026. Tempo/Martin Yogi Pardamean

Layar digital menampilkan pergerakan Indeks Harga Saham Gabungan (IHSG) di Bursa Efek Indonesia, Jakarta, 2 Februari 2026. Tempo/Martin Yogi Pardamean

Layar digital menampilkan pergerakan Indeks Harga Saham Gabungan (IHSG) di Bursa Efek Indonesia, Jakarta, 2 Februari 2026. Tempo/Martin Yogi Pardamean

Layar digital menampilkan pergerakan Indeks Harga Saham Gabungan (IHSG) di Bursa Efek Indonesia, Jakarta, 2 Februari 2026. Tempo/Martin Yogi Pardamean",Fajar Januarta,https://www.tempo.co/foto/arsip/siswa-di-tapanuli-tengah-mulai-mendapatkan-mbg-setelah-bencana-banjir-bandang-2110402,2026-02-02 20:10:39
tempo,2026-01-31 21:00:00,Utang Baru Pemerintah 2026 MBG,"A LARM kembali menyala di pasar obligasi. Imbal hasil surat utang negara (SUN) bertenor 10 tahun bergerak naik, mencapai posisi 6,43 persen pada akhir perdagangan, Rabu, 28 Januari 2026.",Caesar Akbar,https://www.tempo.co/politik/siswa-sd-di-cianjur-diduga-keracunan-setelah-santap-mbg-2110322,2026-02-02 20:10:39
tempo,2026-01-31 21:00:00,Utang Baru Pemerintah 2026 MBG,"A LARM kembali menyala di pasar obligasi. Imbal hasil surat utang negara (SUN) bertenor 10 tahun bergerak naik, mencapai posisi 6,43 persen pada akhir perdagangan, Rabu, 28 Januari 2026.",Caesar Akbar,https://www.tempo.co/politik/sppg-dilarang-menolak-produk-umkm-untuk-mbg-2110268,2026-02-02 20:10:39
tempo,2026-01-31 21:00:00,Utang Baru Pemerintah 2026 MBG,"A LARM kembali menyala di pasar obligasi. Imbal hasil surat utang negara (SUN) bertenor 10 tahun bergerak naik, mencapai posisi 6,43 persen pada akhir perdagangan, Rabu, 28 Januari 2026.",Caesar Akbar,https://www.tempo.co/politik/mahasiswa-guru-gugat-anggaran-mbg-pakai-dana-pendidikan-2110122,2026-02-02 20:10:39
tempo,2026-02-02 19:00:00,IHSG Ditutup Turun Hampir 5 Persen,"Layar digital menampilkan pergerakan Indeks Harga Saham Gabungan (IHSG) di Bursa Efek Indonesia, Jakarta, 2 Februari 2026. Indeks Harga Saham Gabungan (IHSG) berada di zona merah pada 2 Februari. Indeks ditutup turun 4,88 persen atau -406,88 poin ke level 7.922,73. Tempo/Martin Yogi Pardamean

Layar digital menampilkan pergerakan Indeks Harga Saham Gabungan (IHSG) di Bursa Efek Indonesia, Jakarta, 2 Februari 2026. Tempo/Martin Yogi Pardamean

Layar digital menampilkan pergerakan Indeks Harga Saham Gabungan (IHSG) di Bursa Efek Indonesia, Jakarta, 2 Februari 2026. Tempo/Martin Yogi Pardamean

Layar digital menampilkan pergerakan Indeks Harga Saham Gabungan (IHSG) di Bursa Efek Indonesia, Jakarta, 2 Februari 2026. Tempo/Martin Yogi Pardamean

Layar digital menampilkan pergerakan Indeks Harga Saham Gabungan (IHSG) di Bursa Efek Indonesia, Jakarta, 2 Februari 2026. Tempo/Martin Yogi Pardamean

Layar digital menampilkan pergerakan Indeks Harga Saham Gabungan (IHSG) di Bursa Efek Indonesia, Jakarta, 2 Februari 2026. Tempo/Martin Yogi Pardamean",Fajar Januarta,https://www.tempo.co/foto/arsip/siswa-di-aceh-tamiang-kembali-menerima-mbg-2110089,2026-02-02 20:10:39
tempo,2026-01-31 21:00:00,Utang Baru Pemerintah 2026 MBG,"A LARM kembali menyala di pasar obligasi. Imbal hasil surat utang negara (SUN) bertenor 10 tahun bergerak naik, mencapai posisi 6,43 persen pada akhir perdagangan, Rabu, 28 Januari 2026.",Caesar Akbar,https://www.tempo.co/politik/badan-gizi-nasional-dorong-label-batas-konsumsi-makanan-2110057,2026-02-02 20:10:39
tempo,2026-01-26 15:30:00,Badan Gizi Nasional Larang Siswa Bawa Pulang Makan Bergizi,"WAKIL Kepala Badan Gizi Nasional (BGN) bidang Komunikasi Publik dan Investigasi Nanik Sudaryati Deyang memerintahkan seluruh Kepala Satuan Pelayanan Pemenuhan Gizi (SPPG) membuat perjanjian tertulis dengan sekolah penerima manfaat program makan bergizi gratis (MBG). Perjanjian itu mengatur batas waktu konsumsi makanan serta larangan membawanya pulang ke rumah.

Foto: Antara Editor: Ryan Maulana

Ryan Maulana

Editor

Tempo.co

Videographer",Tempo.co,https://www.tempo.co/video/arsip/badan-gizi-nasional-larang-siswa-bawa-pulang-makan-bergizi-2110075,2026-02-02 20:10:39
tempo,2026-01-31 21:00:00,Utang Baru Pemerintah 2026 MBG,"A LARM kembali menyala di pasar obligasi. Imbal hasil surat utang negara (SUN) bertenor 10 tahun bergerak naik, mencapai posisi 6,43 persen pada akhir perdagangan, Rabu, 28 Januari 2026.",Caesar Akbar,https://www.tempo.co/politik/sekolah-minta-setop-sementara-distribusi-mbg-selama-pjj-2109993,2026-02-02 20:10:39
tempo,2026-01-31 21:00:00,Utang Baru Pemerintah 2026 MBG,"A LARM kembali menyala di pasar obligasi. Imbal hasil surat utang negara (SUN) bertenor 10 tahun bergerak naik, mencapai posisi 6,43 persen pada akhir perdagangan, Rabu, 28 Januari 2026.",Caesar Akbar,https://www.tempo.co/politik/bgn-sekolah-tidak-wajib-terima-mbg-2109924,2026-02-02 20:10:39
tempo,2026-01-31 21:00:00,Utang Baru Pemerintah 2026 MBG,"A LARM kembali menyala di pasar obligasi. Imbal hasil surat utang negara (SUN) bertenor 10 tahun bergerak naik, mencapai posisi 6,43 persen pada akhir perdagangan, Rabu, 28 Januari 2026.",Caesar Akbar,https://www.tempo.co/politik/menteri-pppa-mbg-tak-boleh-jadi-alat-intimidasi-anak-2109917,2026-02-02 20:10:39
tempo,2026-01-31 21:00:00,Utang Baru Pemerintah 2026 MBG,"A LARM kembali menyala di pasar obligasi. Imbal hasil surat utang negara (SUN) bertenor 10 tahun bergerak naik, mencapai posisi 6,43 persen pada akhir perdagangan, Rabu, 28 Januari 2026.",Caesar Akbar,https://www.tempo.co/ekonomi/ultrajaya-investasi-rp-1-14-triliun-untuk-suplai-susu-mbg-2109862,2026-02-02 20:10:39
tempo,2026-01-31 21:00:00,Utang Baru Pemerintah 2026 MBG,"A LARM kembali menyala di pasar obligasi. Imbal hasil surat utang negara (SUN) bertenor 10 tahun bergerak naik, mencapai posisi 6,43 persen pada akhir perdagangan, Rabu, 28 Januari 2026.",Caesar Akbar,https://www.tempo.co/politik/bgn-tidak-memaksa-sekolah-yang-menolak-mbg-2109776,2026-02-02 20:10:39
tempo,2026-01-31 21:00:00,Utang Baru Pemerintah 2026 MBG,"A LARM kembali menyala di pasar obligasi. Imbal hasil surat utang negara (SUN) bertenor 10 tahun bergerak naik, mencapai posisi 6,43 persen pada akhir perdagangan, Rabu, 28 Januari 2026.",Caesar Akbar,https://www.tempo.co/ekonomi/ideas-mbg-masih-terpusat-di-pulau-jawa-sumatera-2109490,2026-02-02 20:10:39
tempo,2026-01-31 21:00:00,Utang Baru Pemerintah 2026 MBG,"A LARM kembali menyala di pasar obligasi. Imbal hasil surat utang negara (SUN) bertenor 10 tahun bergerak naik, mencapai posisi 6,43 persen pada akhir perdagangan, Rabu, 28 Januari 2026.",Caesar Akbar,https://www.tempo.co/ekonomi/ideas-nilai-anggaran-mbg-cukup-rp-66-triliun-per-tahun-2109435,2026-02-02 20:10:39
tempo,2026-01-31 21:00:00,Utang Baru Pemerintah 2026 MBG,"A LARM kembali menyala di pasar obligasi. Imbal hasil surat utang negara (SUN) bertenor 10 tahun bergerak naik, mencapai posisi 6,43 persen pada akhir perdagangan, Rabu, 28 Januari 2026.",Caesar Akbar,https://www.tempo.co/politik/mak-comblang-project-pertemukan-petani-dan-dapur-mbg-2109378,2026-02-02 20:10:39
tempo,2026-01-31 21:00:00,Utang Baru Pemerintah 2026 MBG,"A LARM kembali menyala di pasar obligasi. Imbal hasil surat utang negara (SUN) bertenor 10 tahun bergerak naik, mencapai posisi 6,43 persen pada akhir perdagangan, Rabu, 28 Januari 2026.",Caesar Akbar,https://www.tempo.co/politik/penjelasan-sppg-soal-pendistribusian-mbg-fiktif-di-sampang-2109356,2026-02-02 20:10:39
tempo,2026-02-02 19:00:00,IHSG Ditutup Turun Hampir 5 Persen,"Layar digital menampilkan pergerakan Indeks Harga Saham Gabungan (IHSG) di Bursa Efek Indonesia, Jakarta, 2 Februari 2026. Indeks Harga Saham Gabungan (IHSG) berada di zona merah pada 2 Februari. Indeks ditutup turun 4,88 persen atau -406,88 poin ke level 7.922,73. Tempo/Martin Yogi Pardamean

Layar digital menampilkan pergerakan Indeks Harga Saham Gabungan (IHSG) di Bursa Efek Indonesia, Jakarta, 2 Februari 2026. Tempo/Martin Yogi Pardamean

Layar digital menampilkan pergerakan Indeks Harga Saham Gabungan (IHSG) di Bursa Efek Indonesia, Jakarta, 2 Februari 2026. Tempo/Martin Yogi Pardamean

Layar digital menampilkan pergerakan Indeks Harga Saham Gabungan (IHSG) di Bursa Efek Indonesia, Jakarta, 2 Februari 2026. Tempo/Martin Yogi Pardamean

Layar digital menampilkan pergerakan Indeks Harga Saham Gabungan (IHSG) di Bursa Efek Indonesia, Jakarta, 2 Februari 2026. Tempo/Martin Yogi Pardamean

Layar digital menampilkan pergerakan Indeks Harga Saham Gabungan (IHSG) di Bursa Efek Indonesia, Jakarta, 2 Februari 2026. Tempo/Martin Yogi Pardamean",Fajar Januarta,https://www.tempo.co/foto/arsip/distribusi-mbg-untuk-siswa-terdampak-bencana-hidrometeorologi-2109338,2026-02-02 20:10:39
tempo,2026-01-31 21:00:00,Utang Baru Pemerintah 2026 MBG,"A LARM kembali menyala di pasar obligasi. Imbal hasil surat utang negara (SUN) bertenor 10 tahun bergerak naik, mencapai posisi 6,43 persen pada akhir perdagangan, Rabu, 28 Januari 2026.",Caesar Akbar,https://www.tempo.co/politik/pegawai-sppg-diangkat-pppk-dosen-umy-cederai-rasa-keadilan-2109328,2026-02-02 20:10:39
tempo,2026-01-31 21:00:00,Utang Baru Pemerintah 2026 MBG,"A LARM kembali menyala di pasar obligasi. Imbal hasil surat utang negara (SUN) bertenor 10 tahun bergerak naik, mencapai posisi 6,43 persen pada akhir perdagangan, Rabu, 28 Januari 2026.",Caesar Akbar,https://www.tempo.co/politik/di-wef-davos-prabowo-klaim-mbg-ciptakan-600-ribu-pekerjaan-2109323,2026-02-02 20:10:39
tempo,2026-01-31 21:00:00,Utang Baru Pemerintah 2026 MBG,"A LARM kembali menyala di pasar obligasi. Imbal hasil surat utang negara (SUN) bertenor 10 tahun bergerak naik, mencapai posisi 6,43 persen pada akhir perdagangan, Rabu, 28 Januari 2026.",Caesar Akbar,https://www.tempo.co/politik/prabowo-penyaluran-mbg-akan-lampaui-mcdonald-s-per-harinya-2109197,2026-02-02 20:10:39
tempo,2026-01-31 21:00:00,Utang Baru Pemerintah 2026 MBG,"A LARM kembali menyala di pasar obligasi. Imbal hasil surat utang negara (SUN) bertenor 10 tahun bergerak naik, mencapai posisi 6,43 persen pada akhir perdagangan, Rabu, 28 Januari 2026.",Caesar Akbar,https://www.tempo.co/politik/ahli-gizi-pertanyakan-alasan-bgn-paksakan-susu-dalam-mbg-2109080,2026-02-02 20:10:39
tempo,2026-01-31 21:00:00,Utang Baru Pemerintah 2026 MBG,"A LARM kembali menyala di pasar obligasi. Imbal hasil surat utang negara (SUN) bertenor 10 tahun bergerak naik, mencapai posisi 6,43 persen pada akhir perdagangan, Rabu, 28 Januari 2026.",Caesar Akbar,https://www.tempo.co/politik/kata-dasco-soal-pengangkatan-pegawai-sppg-jadi-pppk-2108795,2026-02-02 20:10:39
tempo,2026-01-31 21:00:00,Utang Baru Pemerintah 2026 MBG,"A LARM kembali menyala di pasar obligasi. Imbal hasil surat utang negara (SUN) bertenor 10 tahun bergerak naik, mencapai posisi 6,43 persen pada akhir perdagangan, Rabu, 28 Januari 2026.",Caesar Akbar,https://www.tempo.co/politik/ribuan-asn-di-sppg-jabat-kepala-dapur-dan-tenaga-pendukung-2108718,2026-02-02 20:10:39
tempo,2026-01-31 21:00:00,Utang Baru Pemerintah 2026 MBG,"A LARM kembali menyala di pasar obligasi. Imbal hasil surat utang negara (SUN) bertenor 10 tahun bergerak naik, mencapai posisi 6,43 persen pada akhir perdagangan, Rabu, 28 Januari 2026.",Caesar Akbar,https://www.tempo.co/politik/bgn-klarifikasi-video-soal-menu-mbg-yang-tak-layak-di-bogor-2108708,2026-02-02 20:10:39
tempo,2026-01-31 21:00:00,Utang Baru Pemerintah 2026 MBG,"A LARM kembali menyala di pasar obligasi. Imbal hasil surat utang negara (SUN) bertenor 10 tahun bergerak naik, mencapai posisi 6,43 persen pada akhir perdagangan, Rabu, 28 Januari 2026.",Caesar Akbar,https://www.tempo.co/politik/jppi-hemat-rp-36-triliun-jika-mbg-dihentikan-selama-ramadan-2108579,2026-02-02 20:10:39
tempo,2026-01-31 21:00:00,Utang Baru Pemerintah 2026 MBG,"A LARM kembali menyala di pasar obligasi. Imbal hasil surat utang negara (SUN) bertenor 10 tahun bergerak naik, mencapai posisi 6,43 persen pada akhir perdagangan, Rabu, 28 Januari 2026.",Caesar Akbar,https://www.tempo.co/politik/bgn-skema-penyaluran-mbg-saat-ramadan-seperti-tahun-lalu-2108574,2026-02-02 20:10:39
tempo,2026-01-31 21:00:00,Utang Baru Pemerintah 2026 MBG,"A LARM kembali menyala di pasar obligasi. Imbal hasil surat utang negara (SUN) bertenor 10 tahun bergerak naik, mencapai posisi 6,43 persen pada akhir perdagangan, Rabu, 28 Januari 2026.",Caesar Akbar,https://www.tempo.co/ekonomi/menteri-maman-bilang-18-ribu-umkm-terlibat-program-mbg-2108570,2026-02-02 20:10:39
tempo,2026-01-31 21:00:00,Utang Baru Pemerintah 2026 MBG,"A LARM kembali menyala di pasar obligasi. Imbal hasil surat utang negara (SUN) bertenor 10 tahun bergerak naik, mencapai posisi 6,43 persen pada akhir perdagangan, Rabu, 28 Januari 2026.",Caesar Akbar,https://www.tempo.co/politik/bgn-hentikan-sementara-sppg-yang-ditemukan-kasus-keracunan-2108568,2026-02-02 20:10:39
tempo,2026-01-31 21:00:00,Utang Baru Pemerintah 2026 MBG,"A LARM kembali menyala di pasar obligasi. Imbal hasil surat utang negara (SUN) bertenor 10 tahun bergerak naik, mencapai posisi 6,43 persen pada akhir perdagangan, Rabu, 28 Januari 2026.",Caesar Akbar,https://www.tempo.co/politik/bgn-jelaskan-soal-penunjukan-idsurvey-dalam-akreditasi-sppg-2108543,2026-02-02 20:10:39
tempo,2026-01-31 21:00:00,Utang Baru Pemerintah 2026 MBG,"A LARM kembali menyala di pasar obligasi. Imbal hasil surat utang negara (SUN) bertenor 10 tahun bergerak naik, mencapai posisi 6,43 persen pada akhir perdagangan, Rabu, 28 Januari 2026.",Caesar Akbar,https://www.tempo.co/politik/bgn-30-sppg-ikut-akreditasi-dapur-mbg-pada-2025-2108542,2026-02-02 20:10:39
tempo,2026-01-31 21:00:00,Utang Baru Pemerintah 2026 MBG,"A LARM kembali menyala di pasar obligasi. Imbal hasil surat utang negara (SUN) bertenor 10 tahun bergerak naik, mencapai posisi 6,43 persen pada akhir perdagangan, Rabu, 28 Januari 2026.",Caesar Akbar,https://www.tempo.co/politik/komisi-ix-soroti-anggaran-mbg-yang-tak-sejalan-dengan-hasil-2108514,2026-02-02 20:10:39
tempo,2026-01-31 21:00:00,Utang Baru Pemerintah 2026 MBG,"A LARM kembali menyala di pasar obligasi. Imbal hasil surat utang negara (SUN) bertenor 10 tahun bergerak naik, mencapai posisi 6,43 persen pada akhir perdagangan, Rabu, 28 Januari 2026.",Caesar Akbar,https://www.tempo.co/politik/bgn-klaim-kasus-keracunan-mbg-alami-penurunan-2108513,2026-02-02 20:10:39
tempo,2026-01-31 21:00:00,Utang Baru Pemerintah 2026 MBG,"A LARM kembali menyala di pasar obligasi. Imbal hasil surat utang negara (SUN) bertenor 10 tahun bergerak naik, mencapai posisi 6,43 persen pada akhir perdagangan, Rabu, 28 Januari 2026.",Caesar Akbar,https://www.tempo.co/politik/bgn-berencana-bangun-kantor-regional-di-seluruh-provinsi-2108508,2026-02-02 20:10:39
tempo,2026-01-31 21:00:00,Utang Baru Pemerintah 2026 MBG,"A LARM kembali menyala di pasar obligasi. Imbal hasil surat utang negara (SUN) bertenor 10 tahun bergerak naik, mencapai posisi 6,43 persen pada akhir perdagangan, Rabu, 28 Januari 2026.",Caesar Akbar,https://www.tempo.co/politik/bgn-anak-hasil-pernikahan-dini-putus-sekolah-akan-dapat-mbg-2108473,2026-02-02 20:10:39
tempo,2026-01-31 21:00:00,Utang Baru Pemerintah 2026 MBG,"A LARM kembali menyala di pasar obligasi. Imbal hasil surat utang negara (SUN) bertenor 10 tahun bergerak naik, mencapai posisi 6,43 persen pada akhir perdagangan, Rabu, 28 Januari 2026.",Caesar Akbar,https://www.tempo.co/politik/bgn-2-080-pegawai-sppg-sudah-berstatus-asn-sejak-juli-2025-2108451,2026-02-02 20:10:39
tempo,2026-01-31 21:00:00,Utang Baru Pemerintah 2026 MBG,"A LARM kembali menyala di pasar obligasi. Imbal hasil surat utang negara (SUN) bertenor 10 tahun bergerak naik, mencapai posisi 6,43 persen pada akhir perdagangan, Rabu, 28 Januari 2026.",Caesar Akbar,https://www.tempo.co/politik/komisi-ix-dpr-rapat-dengan-bgn-bahas-evaluasi-sppg-dan-mbg-2108390,2026-02-02 20:10:39
tempo,2026-01-31 21:00:00,Utang Baru Pemerintah 2026 MBG,"A LARM kembali menyala di pasar obligasi. Imbal hasil surat utang negara (SUN) bertenor 10 tahun bergerak naik, mencapai posisi 6,43 persen pada akhir perdagangan, Rabu, 28 Januari 2026.",Caesar Akbar,https://www.tempo.co/politik/kemensos-buka-rekrutmen-caregiver-mbg-lansia-dan-disabilitas-2108196,2026-02-02 20:10:39
tempo,2026-01-31 21:00:00,Utang Baru Pemerintah 2026 MBG,"A LARM kembali menyala di pasar obligasi. Imbal hasil surat utang negara (SUN) bertenor 10 tahun bergerak naik, mencapai posisi 6,43 persen pada akhir perdagangan, Rabu, 28 Januari 2026.",Caesar Akbar,https://www.tempo.co/politik/top-3-dukungan-pilpres-2029-hingga-pegawai-mbg-jadi-pppk-2107692,2026-02-02 20:10:39
tempo,2026-01-15 17:00:00,Pegawai SPPG Jadi Pegawai Pemerintah,P EMERINTAH akan mengangkat pegawai satuan layanan pemenuhan gizi (SPPG) proyek makan bergizi gratis (MBG) menjadi pegawai pemerintah dengan perjanjian kerja ( PPPK ). Rencana ini merupakan keputusan Presiden Prabowo Subianto dalam Peraturan Presiden Nomor 115/2026.,Dede Leni Mardianti,https://www.tempo.co/politik/guru-honorer-protes-kebijakan-pegawai-sppg-jadi-pppk-2107603,2026-02-02 20:10:39
tempo,2026-01-15 18:58:51,DPR Soroti Lemahnya Pengawasan Program Makan Bergizi Gratis,"WAKIL Ketua Komisi IX DPR Yahya Zaini menilai kasus keracunan program makan bergizi gratis (MBG) di Grobogan dan Mojokerto menunjukkan lemahnya pengawasan Badan Gizi Nasional (BGN). Menurut dia, BGN tidak optimal memantau penerapan standar operasional prosedur (SOP). “Padahal BGN telah menetapkan 2026 dengan target zero accident. Ini menunjukkan BGN kembali kecolongan,” ujar Yahya saat dihubungi, Kamis, 15 Januari 2026.

Politikus Partai Golkar itu mengatakan prihatin atas banyaknya korban keracunan yang mencapai ratusan siswa. Ia meminta BGN menjatuhkan sanksi berupa pemberhentian sementara terhadap kepala Satuan Pelayanan Pemenuhan Gizi (SPPG) atau dapur MBG yang dinilai lalai. ""BGN harus memberikan sanksi pemberhentian sementara terhadap SPPG yang tidak melaksanakan SOP dengan baik,” kata dia.

Yahya juga mendorong BGN memperketat pengawasan dengan melibatkan Kementerian Kesehatan serta dinas kesehatan setempat. Ia menilai koordinasi antarkementerian dan lembaga dalam pengawasan program MBG masih lemah. ""BGN kurang berkoordinasi dengan kementerian/lembaga lain dalam melakukan pengawasan,"" kata dia.

Dia juga meminta BGN melakukan pertemuan rutin dengan SPPG setiap bulan. Tujuannya meningkatkan kewaspadaan dan kedisiplinan SPPG melaksanakan sop. ""Pertemuan ini bisa dilakukan per regional, supaya lebih efektif,"" kata dia.

Tempo sudah menghubungi Wakil BGN Nanik S. Deyang untuk meminta konfirmasi sekaligus tanggapan mengenai kasus keracunan MBG. Namun, dia belum merespons.

Kasus keracunan MBG terjadi di beberapa wilayah seperti Mojokerto dan Grobogan. Seperti dilansir Antara , Bupati Mojokerto Muhammad Albarraa (Gus Barra) menyatakan total korban keracunan MBG soto ayam adalah 411 orang. Sedangkan sebanyak 803 orang di Kabupaten Grobogan diduga keracunan MBG yang berasal dari menu ayam.",Hendrik Yaputra,https://www.tempo.co/politik/dpr-soroti-lemahnya-pengawasan-program-makan-bergizi-gratis-2107434,2026-02-02 20:10:39
tempo,2026-01-15 17:42:27,Catatan KPAI: Sebanyak 2.031 Kekerasan pada Anak di 2025,"KOMISI Perlindungan Anak Indonesia (KPAI) merilis laporan pelanggaran hak anak pada 2025. KPAI mencatat sebanyak 2.031 kasus kekerasan pada anak sepanjang tahun lalu.

Korban terbanyak adalah perempuan, yakni sebanyak 51,5 persen dari total anak yang menjadi korban kekerasan. Kemudian sebanyak 47,6 persen anak laki-laki dan 0,9 persen tidak tercantum jenis kelaminnya menjadi korban kekerasan.

“Ini temuan yang sangat memprihatinkan,” kata Wakil Ketua KPAI Jasra Putra melalui keterangan tertulis, pada Kamis, 15 Januari 2025.

Jasra mengatakan pelaku kekerasan lebih banyak berasal dari lingkungan keluarga dan pengasuhan alternatif. KPAI menemukan sebanyak 9 persen ayah kandung dan 8,2 persen ibu kandung menjadi pelaku kekerasan. Selanjutnya, sebanyak 66,3 persen dari total kasus di 2025 tersebuy tidak diketahui pelakunya.

“Ini ironis sebab mengindikasikan masih lemahnya detail pelaporan serta rendahnya keberanian korban untuk mengungkap pelaku yang sebenarnya,” kata dia.

Selain itu, KPAI juga menemukan bahwa anak masih rentan menjadi target eksploitasi politik. Pada kerusuhan Agustus-September 2025, misalnya, KPAI mencatat banyak anak yang mengalami kekerasan dan penyiksaan saat ditangkap serta diproses hukum oleh Kepolisian Republik Indonesia.

“Realita ini merupakan pelanggaran Undang-Undang Nomor 23 Tahun 2002 yang mengatur hak anak untuk berpartisipasi dan mendapat perlindungan dari kekerasan dan diskriminasi,” katanya.

Selanjutnya, pelanggaran hak anak juga terjadi pada program makan bergizi gratis (MBG). KPAI mencatat sebanyak 12.658 anak dari 38 provinsi mengalami keracunan MBG di 2025. Tiga provinsi dengan jumlah korban keracunan MBG tertinggi adalah Jawa Barat dengan 4.877 anak, Jawa Tengah 1.961 anak, dan Daerah Istimewa Yogyakarta sebanyak 1.517 anak.

Menurut Jasra, data itu diambil dari hasil pendampingan Child Lead Research (CLR) dengan melibatkan 24 peneliti anak. KPAI pun meminta pemerintah mengevaluasi program MBG ini serta menerapkan standar kesehatan dan keamanan yang lebih ketat.

“Perlu ada penguatan tata kelola, keamanan pangan, serta pelibatan bermakna anak agar tidak menimbulkan risiko kesehatan maupun psikososial,” kata Jarsa.

Pilihan Editor: Kekerasan Berulang di Tempat Penitipan Anak",Dede Leni Mardianti,https://www.tempo.co/politik/catatan-kpai-sebanyak-2-031-kekerasan-pada-anak-di-2025-2107411,2026-02-02 20:10:39
tempo,2026-02-02 19:00:00,IHSG Ditutup Turun Hampir 5 Persen,"Layar digital menampilkan pergerakan Indeks Harga Saham Gabungan (IHSG) di Bursa Efek Indonesia, Jakarta, 2 Februari 2026. Indeks Harga Saham Gabungan (IHSG) berada di zona merah pada 2 Februari. Indeks ditutup turun 4,88 persen atau -406,88 poin ke level 7.922,73. Tempo/Martin Yogi Pardamean

Layar digital menampilkan pergerakan Indeks Harga Saham Gabungan (IHSG) di Bursa Efek Indonesia, Jakarta, 2 Februari 2026. Tempo/Martin Yogi Pardamean

Layar digital menampilkan pergerakan Indeks Harga Saham Gabungan (IHSG) di Bursa Efek Indonesia, Jakarta, 2 Februari 2026. Tempo/Martin Yogi Pardamean

Layar digital menampilkan pergerakan Indeks Harga Saham Gabungan (IHSG) di Bursa Efek Indonesia, Jakarta, 2 Februari 2026. Tempo/Martin Yogi Pardamean

Layar digital menampilkan pergerakan Indeks Harga Saham Gabungan (IHSG) di Bursa Efek Indonesia, Jakarta, 2 Februari 2026. Tempo/Martin Yogi Pardamean

Layar digital menampilkan pergerakan Indeks Harga Saham Gabungan (IHSG) di Bursa Efek Indonesia, Jakarta, 2 Februari 2026. Tempo/Martin Yogi Pardamean",Fajar Januarta,https://www.tempo.co/foto/arsip/distribusi-mbg-ke-lokasi-terdampak-banjir-2107333,2026-02-02 20:10:39
tempo,2026-01-15 11:32:23,Guru Besar UPI Kritik Soal Pengangkatan PPPK Pegawai SPPG,"GURU besar ilmu politik di Universitas Pendidikan Indonesia, Cecep Darmawan, mengatakan pengangkatan pegawai satuan pelayanan pemenuhan gizi (SPPG) sebagai aparatur sipil negara berstatus pegawai pemerintah dengan perjanjian kerja ( PPPK ), harus berjalan bersamaan dengan pengangkatan guru honorer.

Pilihan editor: Dalih Antek Asing di Balik RUU Disinformasi

la mengkritik pemerintah yang mempriotaskan pengangkatan pegawai dapur makan bergizi gratis (MBG) di tengah banyaknya guru honorer yang belum jelas nasibnyamengkritik pemerintah yang mempriotaskan pengangkatan pegawai dapur makan bergizi gratis (MBG) di tengah banyaknya guru honorer yang belum jelas nasibnya. Padahal, kata dia, anggaran yang digunakan untuk MBG juga sebagian besar diambil dari dana pendidikan.

Adapun pemerintah menetapkan sebanyak Rp 223 triliun dari total Rp 335 triliun dana MBG 2026 berasal dari anggaran pendidikan. ""Ketika MBG yang jelas-jelas di- support dari pendidikan, maka harusnya kepastian guru-guru yang lebih dulu menjadi ASN atau PPPK,"" kata Cecep pada Kamis, 15 Januari 2026.

la menjelaskan, pada prinsipnya memberikan kepastian hukum dan jaminan kesejahteraan bagi pegawai SPPG adalah keputusan yang baik. Namun kebijakan itu menjadi soal apabila tidak memenuhi rasa keadilan masyarakat.

Menurut Cecep, apabila pemerintah memprioritaskan program MBG karena diklaim bagian dari invetasi pendidikan, maka logikanya pengangkatan PPPK guru, selaku garda terdepan kemajuan pendidikan, lebih prioritas dibanding pegawai SPPG.

Karena itu, kata Cecep, jika pemerintah belum bisa memberikan kepastian pada status guru honorer dalam waktu dekat, maka sebaiknya program MBG dikeluarkan dari pos dana pendidikan. ""Idealnya MBG dikeluarkan dari (dana) pendidikan,"" kata dia. ""Silakan mau berapa pun, sesuai kebutuhan, tetapi tidak mengimbus dana pendidikan.""

Pengangkatan PPPK pegawai SPPG merupakan keputusan Presiden Prabowo Subianto yang tercantum dalam dalam Pasal 17 Peraturan Presiden Nomor 115 tentang Tata Kelola Penyelenggaraan Program MBG. Pasal itu menyebutkan bahwa “Pegawai SPPG diangkat sebagai PPPK sesuai dengan ketentuan peraturan perundang-undangan”.

Wakil Kepala BGN Nanik Sudaryati Deyang mengatakan frasa “pegawai SPPG” dalam ketentuan tersebut merujuk secara terbatas pada jabatan inti yang memiliki fungsi strategis, bukan seluruh personel yang terlibat dalam operasional SPPG.

“Yang dimaksud pegawai SPPG dalam konteks PPPK adalah jabatan inti yang memiliki fungsi teknis dan administratif strategis, yaitu Kepala SPPG, Ahli Gizi, dan Akuntan. Di luar itu, termasuk relawan, tidak masuk dalam skema pengangkatan PPPK,” kata Nanik dalam keterangan resmi, Selasa, 13 Januari 2026

Pilihan editor: Prabowo Koreksi Desain dan Fungsi IKN",Dede Leni Mardianti,https://www.tempo.co/politik/guru-besar-upi-kritik-soal-pengangkatan-pppk-pegawai-sppg-2107285,2026-02-02 20:10:39
tempo,2024-07-03 05:00:00,Matahari Department Store Tutup Dua Gerai Imbas Penurunan Pengunjung,"Pengunjung melintasi gerai Matahari Department Store di Jakarta, Selasa, 2 Juli 2024. PT Matahari Departement Store Tbk kembali menutup dua gerainya sebagai langkah optimalisasi strategis portofolio perusahaan yang terimbas dari makin menurunnya pengunjung di sejumlah pusat perbelanjaan. ANTARA/Akbar Nugroho Gumay

Pengunjung melintasi gerai Matahari Department Store di Jakarta, Selasa, 2 Juli 2024. PT Matahari Departement Store Tbk kembali menutup dua gerainya sebagai langkah optimalisasi strategis portofolio perusahaan yang terimbas dari makin menurunnya pengunjung di sejumlah pusat perbelanjaan. ANTARA/Akbar Nugroho Gumay

Pengunjung memilih pakaian di gerai Matahari Department Store di Jakarta, Selasa, 2 Juli 2024. PT Matahari Departement Store Tbk kembali menutup dua gerainya sebagai langkah optimalisasi strategis portofolio perusahaan yang terimbas dari makin menurunnya pengunjung di sejumlah pusat perbelanjaan. ANTARA/Akbar Nugroho Gumay

Pengunjung memilih pakaian di gerai Matahari Department Store di Jakarta, Selasa, 2 Juli 2024. PT Matahari Departement Store Tbk kembali menutup dua gerainya sebagai langkah optimalisasi strategis portofolio perusahaan yang terimbas dari makin menurunnya pengunjung di sejumlah pusat perbelanjaan. ANTARA/Akbar Nugroho Gumay",Charisma Adristy,https://www.tempo.co/ekonomi/kurangnya-lapangan-kerja-formal-ancam-daya-beli-di-2026-2107223,2026-02-02 20:10:39
tempo,2026-01-31 21:00:00,Utang Baru Pemerintah 2026 MBG,"A LARM kembali menyala di pasar obligasi. Imbal hasil surat utang negara (SUN) bertenor 10 tahun bergerak naik, mencapai posisi 6,43 persen pada akhir perdagangan, Rabu, 28 Januari 2026.",Caesar Akbar,https://www.tempo.co/politik/hujan-kritik-kebijakan-pegawai-sppg-diangkat-jadi-pppk-2107214,2026-02-02 20:10:39
tempo,2026-01-31 21:00:00,Utang Baru Pemerintah 2026 MBG,"A LARM kembali menyala di pasar obligasi. Imbal hasil surat utang negara (SUN) bertenor 10 tahun bergerak naik, mencapai posisi 6,43 persen pada akhir perdagangan, Rabu, 28 Januari 2026.",Caesar Akbar,https://www.tempo.co/ekonomi/bgn-ancam-sppg-tak-punya-sertifikat-laik-higiene-sanitasi-2107163,2026-02-02 20:10:39
tempo,2026-01-31 21:00:00,Utang Baru Pemerintah 2026 MBG,"A LARM kembali menyala di pasar obligasi. Imbal hasil surat utang negara (SUN) bertenor 10 tahun bergerak naik, mencapai posisi 6,43 persen pada akhir perdagangan, Rabu, 28 Januari 2026.",Caesar Akbar,https://www.tempo.co/ekonomi/pemerintah-siapkan-formula-baru-pengelolaan-dana-desa-2107155,2026-02-02 20:10:39
tempo,2026-01-31 21:00:00,Utang Baru Pemerintah 2026 MBG,"A LARM kembali menyala di pasar obligasi. Imbal hasil surat utang negara (SUN) bertenor 10 tahun bergerak naik, mencapai posisi 6,43 persen pada akhir perdagangan, Rabu, 28 Januari 2026.",Caesar Akbar,https://www.tempo.co/politik/koalisi-guru-minta-pemerintah-adil-soal-kesempatan-jadi-pppk-2107141,2026-02-02 20:10:39
tempo,2026-01-31 21:00:00,Utang Baru Pemerintah 2026 MBG,"A LARM kembali menyala di pasar obligasi. Imbal hasil surat utang negara (SUN) bertenor 10 tahun bergerak naik, mencapai posisi 6,43 persen pada akhir perdagangan, Rabu, 28 Januari 2026.",Caesar Akbar,https://www.tempo.co/internasional/sugiono-pamer-capaian-diplomasi-ekonomi-qris-hingga-mbg-2107131,2026-02-02 20:10:39
tempo,2026-01-31 21:00:00,Utang Baru Pemerintah 2026 MBG,"A LARM kembali menyala di pasar obligasi. Imbal hasil surat utang negara (SUN) bertenor 10 tahun bergerak naik, mencapai posisi 6,43 persen pada akhir perdagangan, Rabu, 28 Januari 2026.",Caesar Akbar,https://www.tempo.co/politik/sppg-sindang-sari-bantah-mbg-disebut-busuk-dan-berlendir-2107098,2026-02-02 20:10:39
tempo,2026-01-14 17:52:38,BGN Jelaskan Manfaat Penyaluran Dana MBG via Virtual Account,"WAKIL Kepala Badan Gizi Nasional (BGN) Nanik Sudaryati Deyang mengatakan penyaluran uang program makan bergizi gratis ( MBG ) disalurkan melalui virtual account . Dana yang ditransfer langsung dari Kementerian Keuangan ke Satuan Pelayanan Pemenuhan Gizi (SPPG) tanpa melalui BGN . “Tetapi karena virtual account , Kementerian Keuangan juga bisa mengontrol duitnya masih ada berapa di sana,” katanya saat di IDN HQ, Jakarta, Rabu, 14 Januari 2026. Sebelumnya, BGN menerapkan sistem reimbursement atau penggantian dana pada semester pertama 2025. Kemudian penyaluran dana operasional diganti melalui virtual account khusus setelah mitra terverifikasi. Nanik mengatakan, uang akan ditransfer melalui virtual account di rekening kepala SPPG dan mitra. Uang yang dicairkan sesuai rencana belanja bahan makanan, sewa wadah makanan atau ompreng dan fasilitas lain, membayar relawan, hingga membayar listrik dan iuran air. Jika anggaran di SPPG masih ada yang tidak terpakai, maka akan ditarik lagi oleh Kementerian Keuangan. Uang MBG, kata Nanik, setelah masuk ke SPPG langsung dibelanjakan ke para penyalur bahan pangan. Ada juga SPPG yang langsung membeli dari petani yang bekerja sama dengan pihak dapur. Saat ini anggaran MBG dialokasikan Rp 15 ribu per hari untuk setiap dapur. Uang itu dibagi dengan rincian Rp 10 ribu per hari untuk anak-anak tingkat kelas 3 SD hingga Sekolah Lanjut Tingkat Atas (SLTA)/Sekolah Menengah Atas (SMA). Kemudian tingkat Pendidikan Anak Usia Dini (PAUD) hingga kelas 3 SD sebesar Rp 8 ribu. Untuk bahan baku makanan sebesar Rp 10 ribu, serta Rp 3 ribu untuk operasional, meliputi menggaji relawan, membayar sewa listrik, sewa mobil, membeli gas, dan lain-lain. Lalu Rp 2 ribu untuk menyewa tanah, bangunan, dan alat masak. “Sisa uangnya masih ada di rekening itu, jadi bukan dimakan siapa-siapa,” tuturnya. Nanik mengklaim sistem virtual account bisa meminimalisir potensi penyelewengan dana, kecuali ada orang-orang yang turut serta kongkalikong.

Pilihan Editor: Mengapa Petani dan Peternak Lokal Tak Jadi Pemasok MBG",M. Faiz Zaki,https://www.tempo.co/ekonomi/bgn-jelaskan-manfaat-penyaluran-dana-mbg-via-virtual-account-2107086,2026-02-02 20:10:39
tempo,2026-01-14 16:00:00,P2G: Pengangkatan PPPK Pegawai MBG Menyakitkan Guru Honorer,"Perhimpunan Pendidikan dan Guru (P2G) menyoroti rencana pemerintah mengangkat pegawai Satuan Pelayanan Pemenuhan Gizi (SPPG) dalam program makan bergizi gratis (MBG) sebagai aparatur sipil negara berstatus pegawai pemerintah dengan perjanjian kerja (PPPK). Pengangkatan tersebut tertuang dalam Pasal 17 Peraturan Presiden Nomor 115 tentang Tata Kelola Penyelenggaraan Program MBG.

Ketua Bidang Advokasi P2G Iman Zanatul Haeri mengatakan percepatan pengangkatan pegawai SPPG menjadi ASN telah melukai guru honorer . Iman mengaku tidak ada masalah dengan terjaminnya status para pembantu program MBG tersebut. Namun ia mempertanyakan mengapa negara tidak memperlakukan guru dengan perlakuan serupa.

Padahal, guru merupakan garda terdepan yang mendidik anak-anak bangsa. ""Ini menyakitkan bagi guru. Ternyata sangat mudah sekali ya untuk mengangkat pegawai SPPG. Sementara pemerintah tidak bisa menjamin status guru untuk menjadi status yang layak seperti itu,"" kata Iman kepada Tempo pada Rabu, 14 Januari 2025.

Ia menuturkan saat ini ada banyak ribuan tenaga pendidik yang masih berjuang untuk bisa diangkat menjadi PPPK maupun PPPK paruh waktu. Sebagian dari mereka ada yang telah mengikuti seleksi berkali-kali, namun gagal karena kuota yang disediakan sangat terbatas. Pada saat yang bersamaan, pemerintah daerah juga tidak mampu menambah kuota PPPK karena keterbatasan anggaran.

Di sisi lain, guru honorer hari ini juga berlomba dengan waktu. Mereka harus segera berstatus PPPK untuk melindungi diri mereka dari ancaman pelanggaran. Sebab, UU ASN terbaru melarang sekolah negeri mempekerjakan guru honorer. Guru yang mengajar di sekolah setidak-tidaknya harus berstatus PPPK paruh waktu.

Iman berujar sudah diangkat menjadi PPPK paruh waktu pun sebetulnya belum memberikan kesejahteraan bagi mereka. Gaji PPPK paruh waktu kerap lebih rendah dibanding ketika menjadi honorer. ""Jadi pengangkatan ini hanya statusnya saja tetapi kesejahteraannya tidak layak. Status itu untuk mencegah potensi pelanggaran konstitusi saja,"" katanya.

Atas dasar itu, Iman menilai pengangkatan pegawai SPPG menjadi PPPK lebih cepat dibanding mengangkat guru honorer berpotensi melanggar mandat konstitusi. Ia berkata negara melanggar ketentuan mandatory spending di mana 20 persen APBN harus dialokasikan untuk pendidikan. ""Karena toh yang bisa dialokasikan sebagian besar untuk MBG yang sebetulnya tidak memenuhi unsur fungsi pendidikan,"" kata dia.

MBG, menurut Iman, hanya memenuhi unsur program kesejahteraan sosial dan kesehatan. ""Artinya kalau anggaran ini dipakai untuk gaji pegawai SPPG maka kemudian anggaran tersebut dialokasikan bukan untuk pendidikan,"" katanya. ""Ini jelas-jelas melanggar konstitusi,"" tambahnya kemudian.

Wakil Kepala Badan Gizi Nasional Nanik Sudaryati Deyang sebelumnya menyatakan bahwa pegawai SPPG yang diangkat menjadi PPPK adalah pegawai yang menempati jabatan inti dan memiliki fungsi strategis. Mereka antara lain adalah kepala SPPG, ahli gizi, dan akuntan.

Foto: tempo.co Editor: Ridian Eka Saputra

Ridian Eka Saputra

Editor

Tempo.co

Videographer",Tempo.co,https://www.tempo.co/video/arsip/p2g-pengangkatan-pppk-pegawai-mbg-menyakitkan-guru-honorer-2107051,2026-02-02 20:10:39
tempo,2026-01-31 21:00:00,Utang Baru Pemerintah 2026 MBG,"A LARM kembali menyala di pasar obligasi. Imbal hasil surat utang negara (SUN) bertenor 10 tahun bergerak naik, mencapai posisi 6,43 persen pada akhir perdagangan, Rabu, 28 Januari 2026.",Caesar Akbar,https://www.tempo.co/politik/dosen-ugm-pegawai-sppg-jadi-pppk-langgar-procedural-justice-2107020,2026-02-02 20:10:39
tempo,2026-01-31 21:00:00,Utang Baru Pemerintah 2026 MBG,"A LARM kembali menyala di pasar obligasi. Imbal hasil surat utang negara (SUN) bertenor 10 tahun bergerak naik, mencapai posisi 6,43 persen pada akhir perdagangan, Rabu, 28 Januari 2026.",Caesar Akbar,https://www.tempo.co/politik/guru-ibu-hamil-dan-ibu-menyusui-keracunan-mbg-di-majene-2107008,2026-02-02 20:10:39
tempo,2026-01-31 21:00:00,Utang Baru Pemerintah 2026 MBG,"A LARM kembali menyala di pasar obligasi. Imbal hasil surat utang negara (SUN) bertenor 10 tahun bergerak naik, mencapai posisi 6,43 persen pada akhir perdagangan, Rabu, 28 Januari 2026.",Caesar Akbar,https://www.tempo.co/politik/p2g-pengangkatan-pppk-pegawai-mbg-menyakitkan-guru-honorer-2106999,2026-02-02 20:10:39
tempo,2026-01-31 21:00:00,Utang Baru Pemerintah 2026 MBG,"A LARM kembali menyala di pasar obligasi. Imbal hasil surat utang negara (SUN) bertenor 10 tahun bergerak naik, mencapai posisi 6,43 persen pada akhir perdagangan, Rabu, 28 Januari 2026.",Caesar Akbar,https://www.tempo.co/politik/fakta-fakta-keracunan-mbg-di-kabupaten-majene-2106913,2026-02-02 20:10:39
tempo,2026-01-31 21:00:00,Utang Baru Pemerintah 2026 MBG,"A LARM kembali menyala di pasar obligasi. Imbal hasil surat utang negara (SUN) bertenor 10 tahun bergerak naik, mencapai posisi 6,43 persen pada akhir perdagangan, Rabu, 28 Januari 2026.",Caesar Akbar,https://www.tempo.co/politik/terpopuler-keracunan-mbg-hingga-target-sekolah-unggulan-2106903,2026-02-02 20:10:39
tempo,2026-01-31 21:00:00,Utang Baru Pemerintah 2026 MBG,"A LARM kembali menyala di pasar obligasi. Imbal hasil surat utang negara (SUN) bertenor 10 tahun bergerak naik, mencapai posisi 6,43 persen pada akhir perdagangan, Rabu, 28 Januari 2026.",Caesar Akbar,https://www.tempo.co/ekonomi/kronologi-balita-di-majene-muntah-diare-usai-santap-mbg-2106888,2026-02-02 20:10:39
tempo,2026-01-31 21:00:00,Utang Baru Pemerintah 2026 MBG,"A LARM kembali menyala di pasar obligasi. Imbal hasil surat utang negara (SUN) bertenor 10 tahun bergerak naik, mencapai posisi 6,43 persen pada akhir perdagangan, Rabu, 28 Januari 2026.",Caesar Akbar,https://www.tempo.co/politik/jppi-ada-1-242-korban-keracunan-mbg-per-januari-2026-2106850,2026-02-02 20:10:39
tempo,2026-01-31 21:00:00,Utang Baru Pemerintah 2026 MBG,"A LARM kembali menyala di pasar obligasi. Imbal hasil surat utang negara (SUN) bertenor 10 tahun bergerak naik, mencapai posisi 6,43 persen pada akhir perdagangan, Rabu, 28 Januari 2026.",Caesar Akbar,https://www.tempo.co/politik/korban-keracunan-mbg-di-majene-mayoritas-balita-2106832,2026-02-02 20:10:39
tempo,2026-01-31 21:00:00,Utang Baru Pemerintah 2026 MBG,"A LARM kembali menyala di pasar obligasi. Imbal hasil surat utang negara (SUN) bertenor 10 tahun bergerak naik, mencapai posisi 6,43 persen pada akhir perdagangan, Rabu, 28 Januari 2026.",Caesar Akbar,https://www.tempo.co/politik/50-orang-terkonfirmasi-keracunan-mbg-di-majene-2106831,2026-02-02 20:10:39
tempo,2026-01-31 21:00:00,Utang Baru Pemerintah 2026 MBG,"A LARM kembali menyala di pasar obligasi. Imbal hasil surat utang negara (SUN) bertenor 10 tahun bergerak naik, mencapai posisi 6,43 persen pada akhir perdagangan, Rabu, 28 Januari 2026.",Caesar Akbar,https://www.tempo.co/politik/803-orang-di-grobogan-keracunan-mbg-2106817,2026-02-02 20:10:39
tempo,2026-01-31 21:00:00,Utang Baru Pemerintah 2026 MBG,"A LARM kembali menyala di pasar obligasi. Imbal hasil surat utang negara (SUN) bertenor 10 tahun bergerak naik, mencapai posisi 6,43 persen pada akhir perdagangan, Rabu, 28 Januari 2026.",Caesar Akbar,https://www.tempo.co/politik/bkkbn-susun-sop-distribusi-usai-kader-posyandu-tolak-mbg-2106794,2026-02-02 20:10:39
tempo,2026-01-13 16:00:00,"Airlangga Bilang Model Bisnis MBG Aman, Dijamin APBN","Menteri Koordinator Perekonomian Airlangga Hartarto menyatakan model bisnis program makan bergizi gratis ( MBG ) aman dijalankan. Alasannya, program ini dijamin oleh Anggaran Pendapatan dan Bekanja Negara (APBN) yang tahun ini dialokasikan Rp 335 triliun.

Jaminan bisnis MBG disampaikan Airlangga di hadapan para anggota Kamar Dagang dan Industri (Kadin) Indonesia saat memaparkan materi dalam diskusi Road to Jakarta Food Security Summit .

“Tadi Bapak Anin (Ketua Umum Kadin Anindya Bakrie) mengatakan jaminan untuk program MBG adalah aman. Jaminannya itu APBN, tahun ini menyiapkan untuk MBG Rp 335 triliun. Jadi aman,” ucapnya di Menara Kadin Indonesia, Jakarta, Selasa, 13 Januari 2026.

Airlangga juga menyebut model bisnis Satuan Pelayanan Pemenuhan Gizi (SPPG) atau dapur MBG yang dinilai sangat prospektif. Karena menggunakan sistem pembayaran di muka sebelum produksi, sehingga arus kas atau cash flow terjaga dengan baik.

“Sehingga sebetulnya cash flow -nya bagus, dan beberapa yang kami monitor itu ada yang sudah punya satu (SPPG) pasti mau bikin yang kedua, yang kemudian seterusnya,” ucapnya.

Dia menambahkan tingginya minat terlihat di berbagai daerah. Seperti Lamongan, Jawa Timur, di mana masyarakat bergotong-royong mendirikan SPBG.

Pemerintah juga meyakini program ini akan mendorong perekonomian. Airlangga menjelaskan, dari Rp 335 triliun pada 2026, jika dibagi per kuartalnya hampir mencapai Rp 80 triliun. Nilainya bahkan lebih tinggi dari stimulus yang digelotorkan pemerintah pada kuartal pertama tahun lalu yang mendekati sekitar Rp 37 triliun.

Lewat dana APBN yang digelontorkan untuk program ini, pemerintah berharap peluang ekonomi yang besar bagi masyarakat dapat terbuka. “Jadi kalau program ini meluncur di grassroots , Rp 80 triliun tentu mempunyai efek terhadap pertumbuhan ekonomi.”

Anggaran jumbo MBG pada 2026 digunakan untuk mengejar target penerima manfaat sebesar 82,9 juta orang. Dana MBG tahun ini yang sebesar Rp 335 triliun naik signifikan dari alokasi tahun 2025 yang sebesar Rp 71 triliun.

Sementara itu, Kementerian Keuangan melaporkan realisasi anggaran MBG per 31 Desember 2025 hanya 72,5 persen dari target. Artinya dari Rp 71 triliun hanya Rp 51 triliun yang terserap sepanjang tahun lalu.

Foto: tempo.co Editor: Ridian Eka Saputra

Ridian Eka Saputra

Editor

Tempo.co

Videographer",Tempo.co,https://www.tempo.co/video/arsip/airlangga-bilang-model-bisnis-mbg-aman-dijamin-apbn-2106845,2026-02-02 20:10:39
tempo,2026-01-31 21:00:00,Utang Baru Pemerintah 2026 MBG,"A LARM kembali menyala di pasar obligasi. Imbal hasil surat utang negara (SUN) bertenor 10 tahun bergerak naik, mencapai posisi 6,43 persen pada akhir perdagangan, Rabu, 28 Januari 2026.",Caesar Akbar,https://www.tempo.co/politik/guru-dan-mahasiswa-akan-ajarkan-gizi-mbg-di-sekolah-2106774,2026-02-02 20:10:39
tempo,2026-01-31 21:00:00,Utang Baru Pemerintah 2026 MBG,"A LARM kembali menyala di pasar obligasi. Imbal hasil surat utang negara (SUN) bertenor 10 tahun bergerak naik, mencapai posisi 6,43 persen pada akhir perdagangan, Rabu, 28 Januari 2026.",Caesar Akbar,https://www.tempo.co/politik/bgn-hanya-pegawai-inti-sppg-mbg-yang-diangkat-jadi-asn-pppk-2106765,2026-02-02 20:10:39
tempo,2026-01-31 21:00:00,Utang Baru Pemerintah 2026 MBG,"A LARM kembali menyala di pasar obligasi. Imbal hasil surat utang negara (SUN) bertenor 10 tahun bergerak naik, mencapai posisi 6,43 persen pada akhir perdagangan, Rabu, 28 Januari 2026.",Caesar Akbar,https://www.tempo.co/ekonomi/airlangga-bilang-model-bisnis-mbg-aman-dijamin-apbn-2106721,2026-02-02 20:10:39
tempo,2026-01-31 21:00:00,Utang Baru Pemerintah 2026 MBG,"A LARM kembali menyala di pasar obligasi. Imbal hasil surat utang negara (SUN) bertenor 10 tahun bergerak naik, mencapai posisi 6,43 persen pada akhir perdagangan, Rabu, 28 Januari 2026.",Caesar Akbar,https://www.tempo.co/ekonomi/pembangunan-35-kampung-nelayan-ditargetkan-rampung-bulan-ini-2106614,2026-02-02 20:10:39
